{
  "project_info": {
    "project_number": "972344215445",
    "project_id": "cotton-leaf-project-e307b",
    "storage_bucket": "cotton-leaf-project-e307b.appspot.com"
  },
  "client": [
    {
      "client_info": {
        "mobilesdk_app_id": "1:972344215445:android:45c992e94232d40822189c",
        "android_client_info": {
          "package_name": "com.example.cottonleaf"
        }
      },
      "oauth_client": [],
      "api_key": [
        {
          "current_key": "AIzaSyB0HZcKYoGBTp-UcLVaTxyy0qX1aD7dfVU"
        }
      ],
      "services": {
        "appinvite_service": {
          "other_platform_oauth_client": []
        }
      }
    },
    {
      "client_info": {
        "mobilesdk_app_id": "1:972344215445:android:92ecf1d62b8f103822189c",
        "android_client_info": {
          "package_name": "cotton.leaf.project"
        }
      },
      "oauth_client": [],
      "api_key": [
        {
          "current_key": "AIzaSyB0HZcKYoGBTp-UcLVaTxyy0qX1aD7dfVU"
        }
      ],
      "services": {
        "appinvite_service": {
          "other_platform_oauth_client": []
        }
      }
    }
  ],
  "configuration_version": "1"
}